product_id,predicted_demand
P004,3.189655667694428
P005,9.209120114139072
P002,5.381777007487983
P003,17.244829270161063
P001,9.618222992512019
